Representative	Represented
WP5087	WP5087
WP4298	WP4298
WP2447	WP2447
WP4673	WP4673
WP2059	WP2059
WP2059	WP5124
WP5053	WP5053
WP4950	WP4950
WP4879	WP4879
WP4746	WP4746
WP4823	WP4823
WP3584	WP3584
WP4830	WP4830
WP5224	WP5224
WP3995	WP3995
WP4541	WP4541
WP4549	WP4549
WP4844	WP4844
WP4657	WP4657
WP4932	WP4932
WP3853	WP3853
WP4949	WP4949
WP4871	WP4871
WP4312	WP4312
WP5114	WP5114
WP5102	WP5102
WP4288	WP4288
WP4803	WP4803
WP5103	WP5103
WP4540	WP4540
WP5074	WP5074
WP4906	WP4906
WP5222	WP5222
WP5110	WP5110
WP3998	WP3998
WP4224	WP4224
WP2371	WP2371
WP5120	WP5120
WP4545	WP4545